{"cameraMode":{"drawMode":0,"name":"Shaded","section":"Shading Mode"},"sceneLighting":false,"audioPlay":false,"sceneViewState":{"showFog":false,"showMaterialUpdate":false,"showSkybox":false,"showFlares":false,"showImageEffects":false,"showParticleSystems":false,"showVisualEffectGraphs":true,"m_FxEnabled":false},"in2DMode":false,"pivot":{"x":456.28076171875,"y":318.3570861816406,"z":762.2953491210938},"rotation":{"x":0.0002905055589508265,"y":-0.022903557866811754,"z":0.000005714775852538878,"w":-0.9998899102210999},"size":544.1305541992188,"orthographic":false}